Model,Accuracy,F1_macro
Baseline,0.6298245614035087,0.6087456056468961
Augmented,0.7824561403508772,0.7714206391485464
