InceptionScore_mean,InceptionScore_std,num_images
3.0650596618652344,0.22347348928451538,500
